Stock,VaR_95
TCS,-0.0246094595142634
Reliance,-0.02579621742043678
HDFC,-0.017938660471607727
SBI,-0.03595411536298805
